개방시설명,개방장소명,개방시설유형구분,휴관일,평일운영시작시각,평일운영종료시각,주말운영시작시각,주말운영종료시각,유료사용여부,사용기준시간,사용료,초과사용단위시간,초과사용료,수용가능인원수,면적,부대시설정보,신청방법구분,시설사진정보,소재지도로명주소,소재지지번주소,관리기관명,담당부서명,사용안내전화번호,홈페이지주소,위도,경도,데이터기준일자
소공동 주민센터 강의실(3층),소공동 주민센터,강의실,1월 1일+설 연휴+추석 연휴,09:00,21:00,10:00,18:00,N,,,,,18,126.25,책상+의자+화이트보드+오디오+냉난방기+사회대,온라인+전화+방문,,서울특별시 중구 남대문로1길 31-5,,서울특별시 중구 소공동,소공동주민센터,02-3396-6507,http://www.junggu.seoul.kr/dong/sogong/main.do,37.5624216,126.9770418,2022-05-30
소공동 주민센터 강당(4층),소공동 주민센터,강당,1월 1일+설 연휴+추석 연휴,09:00,21:00,10:00,18:00,N,,,,,24,135.54,책상+의자+화이트보드+음향기기+냉난방기+사회대+빔프로젝터+전면거울+탈의실,온라인+전화+방문,,서울특별시 중구 남대문로1길 31-5,,서울특별시 중구 소공동,소공동주민센터,02-3396-6507,http://www.junggu.seoul.kr/dong/sogong/main.do,37.5624216,126.9770418,2022-05-30
회현동 주민센터 복합커뮤니티공간(다락) (2층),회현동 주민센터,기타,1월 1일+설 연휴+추석 연휴,09:00,21:00,10:00,18:00,N,,,,,30,86,빔프로젝터+책상+의자+냉난방설비,전화+방문,,서울특별시 중구 퇴계로8길 46,,서울특별시 중구 회현동,회현동주민센터,02-3396-6543,http://www.junggu.seoul.kr/dong/hoehyeon/main.do,37.557286,126.979356,2022-05-30
회현동 주민센터 음악창작소(2층),회현동 주민센터,기타,1월 1일+설 연휴+추석 연휴,09:00,21:00,10:00,18:00,N,,,,,5,40,피아노+드럼+기타+냉난방설비+책상+의자,온라인+전화+방문,,서울특별시 중구 퇴계로8길 46,,서울특별시 중구 회현동,회현동주민센터,02-3396-6543,http://www.junggu.seoul.kr/dong/hoehyeon/main.do,37.557286,126.979356,2022-05-30
회현동 주민센터 강당(3층),회현동 주민센터,강당,1월 1일+설 연휴+추석 연휴,09:00,21:00,10:00,18:00,N,,,,,10,231,탁구대+사회대+냉난방설비+책상+의자,전화+방문,,서울특별시 중구 퇴계로8길 46,,서울특별시 중구 회현동,회현동주민센터,02-3396-6543,http://www.junggu.seoul.kr/dong/hoehyeon/main.do,37.557286,126.979356,2022-05-30
명동 주민센터 강당(3층),명동 주민센터,강당,1월 1일+설 연휴+추석 연휴,09:00,21:00,10:00,18:00,N,,,,,15,120,빔프로젝터+사회대+CD플레이어+마이크+책상+의자+화이트보드+커피머신,온라인+전화+방문,,서울특별시 중구 퇴계로20길 3,,서울특별시 중구 명동,명동주민센터,02-3396-8484,http://www.junggu.seoul.kr/dong/myeong/main.do,37.560047,126.985816,2022-05-30
필동 주민센터 강당(2층),필동 주민센터,강당,1월 1일+설 연휴+추석 연휴,09:00,21:00,10:00,18:00,N,,,,,30,120,빔프로젝터+음향기기+화이트보드책상+의자+사회대+전면거울,온라인+전화+방문,,서울특별시 중구 퇴계로36길 42,,서울특별시 중구 필동,필동주민센터,02-3396-6592,http://www.junggu.seoul.kr/dong/pil/main.do,37.560156,126.995599,2022-05-30
"필동 주민센터 복합스튜디오(연주실,녹음실)",필동 주민센터,기타,1월 1일+설 연휴+추석 연휴,09:00,21:00,10:00,18:00,N,,,,,5,16.7,대형TV+컴퓨터,온라인+전화+방문,,서울특별시 중구 퇴계로36길 42,,서울특별시 중구 필동,필동주민센터,02-3396-6592,http://www.junggu.seoul.kr/dong/pil/main.do,37.560156,126.995599,2022-05-30
필동 주민센터 갤러리(2층),필동 주민센터,기타,1월 1일+설 연휴+추석 연휴,09:00,21:00,10:00,18:00,N,,,,,20,26,,온라인+전화+방문,,서울특별시 중구 퇴계로36길 42,,서울특별시 중구 필동,필동주민센터,02-3396-6592,http://www.junggu.seoul.kr/dong/pil/main.do,37.560156,126.995599,2022-05-30
필동 작은도서관 3층,필동 작은도서관,기타,1월 1일+설 연휴+추석 연휴,09:00,21:00,10:00,18:00,N,,,,,12,35,빔프로젝터,자유이용,,서울특별시 중구 필동로 11,,서울특별시 중구 필동,필동주민센터,02-3396-6592,http://www.junggu.seoul.kr/dong/pil/main.do,37.56054496,126.9962367,2022-05-30
필동 우리동네관리사무소 1층,필동 우리동네관리사무소,강당,1월 1일+설 연휴+추석 연휴,09:00,21:00,10:00,18:00,N,,,,,10,26.75,빔프로젝터+책상+의자+냉난방시설+도서,전화+방문,,서울특별시 중구 퇴계로36길 41,,서울특별시 중구 필동,필동주민센터,02-3396-6592,http://www.junggu.seoul.kr/dong/pil/main.do,37.56037032,126.995599,2022-05-30
장충동 주민센터 커뮤니티공간(2층),장충동 주민센터,강당,1월 1일+설 연휴+추석 연휴,09:00,21:00,10:00,18:00,N,,,,,10,55,커피머신+도서(300여권)+보드게임+정수기,전화+방문,,서울특별시 중구 장충단로8길 22,,서울특별시 중구 장충동,장충동주민센터,02-3396-8504,http://www.junggu.seoul.kr/dong/jangchung/main.do,37.5619082,127.0078413,2022-05-30
장충동 주민센터 강당(5층),장충동 주민센터,강당,1월 1일+설 연휴+추석 연휴,09:00,21:00,10:00,18:00,N,,,,,20,75,대형 벽거울+탁구대+음향기기(노래반주 가능)+빔프로젝터 및 스크린+정수기,전화+방문,,서울특별시 중구 장충단로8길 22,,서울특별시 중구 장충동,장충동주민센터,02-3396-8504,http://www.junggu.seoul.kr/dong/jangchung/main.do,37.5619082,127.0078413,2022-05-30
광희동 주민센터 광희마루(2층),광희동 주민센터,강당,1월 1일+설 연휴+추석 연휴,09:00,21:00,10:00,18:00,N,,,,,15,78,책상+의자+냉난방설비,온라인+전화+방문,,서울특별시 중구 퇴계로 303-9,,서울특별시 중구 광희동,광희동주민센터,02-3396-6654,http://www.junggu.seoul.kr/dong/gwanghui/main.do,37.564461,127.005039,2022-05-30
광희동 주민센터 강당(5층),광희동 주민센터,강당,1월 1일+설 연휴+추석 연휴,09:00,21:00,10:00,18:00,N,,,,,30,156,빔프로젝터+음향장비+회의용테이블+의자+사회대+화이트보드+탁구대+보드게임+냉난방설비,온라인+전화+방문,,서울특별시 중구 퇴계로 303-9,,서울특별시 중구 광희동,광희동주민센터,02-3396-6654,http://www.junggu.seoul.kr/dong/gwanghui/main.do,37.564461,127.005039,2022-05-30
을지로동 주민센터 을지다움(2층),을지로동 주민센터,강당,1월 1일+설 연휴+추석 연휴,09:00,21:00,10:00,18:00,N,,,,,40,143.06,책상+의자+장기+바둑+보드게임+셀프포토스튜디오+냉난방시설+카페운영,온라인+전화+방문,,서울특별시 중구 충무로9길 19,,서울특별시 중구 을지로동,을지로동주민센터,02-3396-6695,http://www.junggu.seoul.kr/dong/euljiro/main.do,37.566697,126.991352,2022-05-30
을지로동 주민센터 회의실(2층),을지로동 주민센터,강의실,1월 1일+설 연휴+추석 연휴,09:00,21:00,10:00,18:00,N,,,,,20,68.04,책상+의자+빔프로젝트+화이트보드+노트북+사회대+냉난방시설,온라인+전화+방문,,서울특별시 중구 충무로9길 19,,서울특별시 중구 을지로동,을지로동주민센터,02-3396-6695,http://www.junggu.seoul.kr/dong/euljiro/main.do,37.566697,126.991352,2022-05-30
을지로동 주민센터 프로그램실1(3층),을지로동 주민센터,강의실,1월 1일+설 연휴+추석 연휴,09:00,21:00,10:00,18:00,N,,,,,12,39,책상+의자+책+책장+칠판+냉난방시설,온라인+전화+방문,,서울특별시 중구 충무로9길 19,,서울특별시 중구 을지로동,을지로동주민센터,02-3396-6695,http://www.junggu.seoul.kr/dong/euljiro/main.do,37.566697,126.991352,2022-05-30
을지로동 주민센터 대강당(4층),을지로동 주민센터,강당,1월 1일+설 연휴+추석 연휴,09:00,21:00,10:00,18:00,N,,,,,100,201.13,책상+의자+빔프로젝트+음향시설+사회대+보면대+냉난방시설+전면거울+탁구대+포켓볼대+골프스윙기+폼롤러+요가매트+줄넘기+훌라우프,온라인+전화+방문,,서울특별시 중구 충무로9길 19,,서울특별시 중구 을지로동,을지로동주민센터,02-3396-6695,http://www.junggu.seoul.kr/dong/euljiro/main.do,37.566697,126.991352,2022-05-30
신당동 주민센터 배움누리2(5층)*소강당,신당동 주민센터,강당,1월 1일+설 연휴+추석 연휴,09:00,21:00,10:00,18:00,N,,,,,50,128,빔프로젝터,전화+방문,,서울특별시 중구 다산로33가길 3,,서울특별시 중구 신당동,신당동주민센터,02-3396-8443,http://www.junggu.seoul.kr/dong/sindang/main.do,37.56268964,127.0139655,2022-05-30
신당동 작은도서관(우동소),신당동 작은도서관(우동소),강당,1월 1일+설 연휴+추석 연휴,09:00,21:00,10:00,18:00,N,,,,,15,168.32,빔프로젝터,전화+방문,,서울특별시 중구 다산로29길 10,,서울특별시 중구 신당동,신당동주민센터,02-2254-1212,http://www.junggu.seoul.kr/dong/sindang/main.do,37.56109241,127.013533,2022-05-30
다산동 주민센터 다산마루(2층),다산동 주민센터,강의실,1월 1일+설 연휴+추석 연휴,09:00,21:00,10:00,18:00,N,,,,,24,67.81,빔프로젝터+HDMI케이블+책상+의자+화이트보드+냉난방설비,전화,,서울특별시 중구 동호로15길 50,,서울특별시 중구 다산동,다산동주민센터,02-3396-6748,http://www.junggu.seoul.kr/dong/dasan/main.do,37.554332,127.008293,2022-05-30
다산동 주민센터 카페마루(2층),다산동 주민센터,기타,1월 1일+설 연휴+추석 연휴,09:00,21:00,10:00,18:00,N,,,,,0,72.43,커피머신+안마기기+책상+의자+냉난방설비,전화,,서울특별시 중구 동호로15길 50,,서울특별시 중구 다산동,다산동주민센터,02-3396-6748,http://www.junggu.seoul.kr/dong/dasan/main.do,37.554332,127.008293,2022-05-30
다산동 주민센터 대강당(1층),다산동 주민센터,강당,1월 1일+설 연휴+추석 연휴,09:00,21:00,10:00,18:00,N,,,,,0,0,,전화,,서울특별시 중구 동호로15길 50,,서울특별시 중구 다산동,다산동주민센터,02-3396-6748,http://www.junggu.seoul.kr/dong/dasan/main.do,37.554332,127.008293,2022-05-30
다산동 작은도서관 기타(1층),다산동 작은도서관,기타,1월 1일+설 연휴+추석 연휴,09:00,21:00,10:00,18:00,N,,,,,0,89.16,,전화+방문,,서울특별시 중구 동호로12길 89,,서울특별시 중구 다산동,다산동주민센터,02-3396-6748,http://www.junggu.seoul.kr/dong/dasan/main.do,37.55923048,127.0120361,2022-05-30
다산동 작은도서관 커뮤니티공간(2층),다산동 작은도서관,기타,1월 1일+설 연휴+추석 연휴,09:00,21:00,10:00,18:00,N,,,,,0,82.32,,전화+방문,,서울특별시 중구 동호로12길 89,,서울특별시 중구 다산동,다산동주민센터,02-3396-6748,http://www.junggu.seoul.kr/dong/dasan/main.do,37.55923048,127.0120361,2022-05-30
약수동 주민센터 강당(4층),약수동 주민센터,강당,1월 1일+설 연휴+추석 연휴,09:00,21:00,10:00,18:00,N,,,,,50,250.56,빔프로젝터+음향장비+책상+의자+냉난방설비+사회대+전면거울+탈의실+탁구대+보드게임,온라인+전화+방문,,서울특별시 중구 다산로92,,서울특별시 중구 약수동,약수동주민센터,02-3396-8525,http://www.junggu.seoul.kr/dong/yaksoo/main.do,37.552472,127.008994,2022-05-30
약수동 약수터 프로그램실(지하1층),약수동 약수터,강의실,토+일+공휴일,09:00,21:00,00:00,00:00,N,,,,,12,180,빔프로젝터+책상+의자+냉난방설비+사회대,전화+방문,,서울특별시 중구 다산로94,,서울특별시 중구 약수동,약수동주민센터,02-3396-8525,http://www.junggu.seoul.kr/dong/yaksoo/main.do,37.55261553,127.0090894,2022-05-30
약수동 약수터 강의실(지하1층),약수동 약수터,강의실,토+일+공휴일,09:00,21:00,00:00,00:00,N,,,,,24,0,빔프로젝터+책상+의자+냉난방설비+사회대,전화+방문,,서울특별시 중구 다산로94,,서울특별시 중구 약수동,약수동주민센터,02-3396-8525,http://www.junggu.seoul.kr/dong/yaksoo/main.do,37.55261553,127.0090894,2022-05-30
약수동 약수터 카페(지하1층),약수동 약수터,기타,토+일+공휴일,09:00,21:00,00:00,00:00,N,,,,,0,0,,전화+방문,,서울특별시 중구 다산로94,,서울특별시 중구 약수동,약수동주민센터,02-3396-8525,http://www.junggu.seoul.kr/dong/yaksoo/main.do,37.55261553,127.0090894,2022-05-30
약수동 작은도서관 (청소년센터 1층),약수동 작은도서관,기타,공휴일+둘째 주 일,09:00,21:00,10:00,18:00,N,,,,,8,159,책상+의자+냉난방설비,전화+방문,,서울특별시 중구 동호로5길19,,서울특별시 중구 약수동,약수동주민센터,02-3396-8525,http://www.junggu.seoul.kr/dong/yaksoo/main.do,37.55185549,127.0125673,2022-05-30
청구동 문화마당 강당(3층),청구동 문화마당,강당,1월 1일+설 연휴+추석 연휴,09:00,21:00,10:00,18:00,N,,,,,20,166.88,빔프로젝터+음향장비+테이블+의자+냉난방설비+사회대+전면거울+농구대+미니축구대,전화,,서울특별시 중구 다산로24가길 23,,서울특별시 중구 청구동,청구동주민센터,02-3396-6802,http://www.junggu.seoul.kr/dong/cheonggu/main.do,37.5563888,127.0159817,2022-05-30
청구동 문화마당 뒷마당(캠핑/플레이존),청구동 문화마당,기타,1월 1일+설 연휴+추석 연휴,09:00,21:00,10:00,18:00,N,,,,,5,0,트램펄린,전화,,서울특별시 중구 다산로24가길 23,,서울특별시 중구 청구동,청구동주민센터,02-3396-6802,http://www.junggu.seoul.kr/dong/cheonggu/main.do,37.5563888,127.0159817,2022-05-30
청구동 문화마당 작은도서관(1층),청구동 문화마당,기타,1월 1일+설 연휴+추석 연휴,09:00,21:00,10:00,18:00,N,,,,,0,191,,전화,,서울특별시 중구 다산로24가길 23,,서울특별시 중구 청구동,청구동주민센터,02-3396-6802,http://www.junggu.seoul.kr/dong/cheonggu/main.do,37.5563888,127.0159817,2022-05-30
청구동 주민센터 커뮤니티공간(2층) *소회의실,청구동 주민센터,강의실,1월 1일+설 연휴+추석 연휴,09:00,21:00,10:00,18:00,N,,,,,8,45,테이블+의자,전화,,서울특별시 중구 청구로3길 55,,서울특별시 중구 청구동,청구동주민센터,02-3396-6802,http://www.junggu.seoul.kr/dong/cheonggu/main.do,37.55706761,127.014617,2022-05-30
청구동 주민센터 패밀리카페(3층),청구동 주민센터,강당,1월 1일+설 연휴+추석 연휴,09:00,21:00,10:00,18:00,N,,,,,20,111.03,빔프로젝터+음향장비+테이블+의자+냉난방설비+사회대+전면거울+미니당구대+보드게임+다트게임+만화책,전화,,서울특별시 중구 청구로3길 55,,서울특별시 중구 청구동,청구동주민센터,02-3396-6802,http://www.junggu.seoul.kr/dong/cheonggu/main.do,37.55706761,127.014617,2022-05-30
청구동 우리동네관리사무소 - 봉제소상공인지원센터(1층),청구동 우리동네관리사무소,강당,1월 1일+설 연휴+추석 연휴,09:00,21:00,10:00,18:00,N,,,,,15,0,빔프로젝터+테이블+의자+냉난방설비+키즈존,전화,,서울특별시 중구 다산로24길 29,,서울특별시 중구 청구동,청구동주민센터,02-3396-6802,http://www.junggu.seoul.kr/dong/cheonggu/main.do,37.55765448,127.014221,2022-05-30
신당5동 주민센터 다목적실(B1),신당5동 주민센터,강당,1월 1일+설 연휴+추석 연휴,09:00,21:00,10:00,18:00,N,,,,,20,114,빔프로젝터+전면거울+냉난방설비+좌식테이블+탁구대+보드게임,온라인+전화+방문,,서울특별시 중구 다산로44길 85,,서울특별시 중구 신당5동,신당5동주민센터,02-3396-6834,http://www.junggu.seoul.kr/dong/sindang5/main.do,37.565128,127.021868,2022-05-30
신당5동 주민센터 강당(3층),신당5동 주민센터,강당,1월 1일+설 연휴+추석 연휴,09:00,21:00,10:00,18:00,N,,,,,40,221,빔프로젝터+음향장비+책상+의자+냉난방설비+사회대,온라인+전화+방문,,서울특별시 중구 다산로44길 85,,서울특별시 중구 신당5동,신당5동주민센터,02-3396-6834,http://www.junggu.seoul.kr/dong/sindang5/main.do,37.565128,127.021868,2022-05-30
신당5동 주민센터 옥상정원,신당5동 주민센터,기타,1월 1일+설 연휴+추석 연휴,09:00,21:00,10:00,18:00,N,,,,,0,0,,온라인+전화+방문,,서울특별시 중구 다산로44길 85,,서울특별시 중구 신당5동,신당5동주민센터,02-3396-6834,http://www.junggu.seoul.kr/dong/sindang5/main.do,37.565128,127.021868,2022-05-30
신당5동 작은도서관 기타(경로당 2층),신당5동 작은도서관,기타,1월 1일+설 연휴+추석 연휴,09:00,21:00,10:00,18:00,N,,,,,0,0,,전화+방문,,서울특별시 중구 퇴계로90길 42,,서울특별시 중구 신당5동,신당5동주민센터,02-3396-6834,http://www.junggu.seoul.kr/dong/sindang5/main.do,37.56343658,127.0216355,2022-05-30
신당5동 우리동네관리사무소 사랑방(1층),신당5동 우리동네관리사무소,강의실,1월 1일+설 연휴+추석 연휴,09:00,21:00,10:00,18:00,N,,,,,8,40.8,빔프로젝터+스크린,전화+방문,,서울특별시 중구 퇴계로90길 62-1,,서울특별시 중구 신당5동,신당5동주민센터,02-3298-6844,http://www.junggu.seoul.kr/dong/sindang5/main.do,37.56254102,127.0214995,2022-05-30
신당5동 우리동네관리사무소 회의실(2층),신당5동 우리동네관리사무소,강의실,1월 1일+설 연휴+추석 연휴,09:00,21:00,10:00,18:00,N,,,,,8,40.8,데스크탑+프린터,전화+방문,,서울특별시 중구 퇴계로90길 62-1,,서울특별시 중구 신당5동,신당5동주민센터,02-3298-6844,http://www.junggu.seoul.kr/dong/sindang5/main.do,37.56254102,127.0214995,2022-05-30
동화동 주민센터 다목적강당(B1),동화동 주민센터,강당,1월 1일+설 연휴+추석 연휴,09:00,21:00,10:00,18:00,N,,,,,40,391,빔프로젝터,방문,,서울특별시 중구 다산로36길 100,,서울특별시 중구 동화동,동화동주민센터,02-3396-8464,http://www.junggu.seoul.kr/dong/donghwa/main.do,37.559982,127.019421,2022-05-30
동화동 주민센터 우리동네관리사무소(1층),동화동 주민센터,강당,1월 1일+설 연휴+추석 연휴,09:00,21:00,10:00,18:00,N,,,,,25,230,빔프로젝터,방문,,서울특별시 중구 다산로36길 100,,서울특별시 중구 동화동,동화동주민센터,02-3396-8464,http://www.junggu.seoul.kr/dong/donghwa/main.do,37.559982,127.019421,2022-05-30
황학동 주민센터 미팅룸(1층),황학동 주민센터,강의실,1월 1일+설 연휴+추석 연휴,09:00,21:00,10:00,18:00,N,,,,,10,30,빔프로젝터+스크린+테이블+의자,온라인+전화+방문,,서울특별시 중구 난계로11길 52,,서울특별시 중구 황학동,황학동주민센터,02-3396-6893,http://www.junggu.seoul.kr/dong/hwanghak/main.do,37.56742273,127.0213823,2022-05-30
황학동 주민센터 카페테이블(1층),황학동 주민센터,기타,1월 1일+설 연휴+추석 연휴,09:00,21:00,10:00,18:00,N,,,,,0,0,,온라인+전화+방문,,서울특별시 중구 난계로11길 52,,서울특별시 중구 황학동,황학동주민센터,02-3396-6893,http://www.junggu.seoul.kr/dong/hwanghak/main.do,37.56742273,127.0213823,2022-05-30
"황학동 주민센터 라운지(1층)(작은도서관,우동소)",황학동 주민센터,기타,1월 1일+설 연휴+추석 연휴,09:00,21:00,10:00,18:00,N,,,,,0,0,,온라인+전화+방문,,서울특별시 중구 난계로11길 52,,서울특별시 중구 황학동,황학동주민센터,02-3396-6893,http://www.junggu.seoul.kr/dong/hwanghak/main.do,37.56742273,127.0213823,2022-05-30
황학동 주민센터 강당(4층),황학동 주민센터,강당,1월 1일+설 연휴+추석 연휴,09:00,21:00,10:00,18:00,N,,,,,0,386,,자유이용,,서울특별시 중구 난계로11길 52,,서울특별시 중구 황학동,황학동주민센터,02-3396-6893,http://www.junggu.seoul.kr/dong/hwanghak/main.do,37.56742273,127.0213823,2022-05-30
중림동 주민센터 대강당(B1),중림동 주민센터,강당,1월 1일+설 연휴+추석 연휴,09:00,21:00,10:00,18:00,N,,,,,80,151.34,빔프로젝터+방송실+창고+책상+의자+엠프+스크린+사회대+정수기+화이트보드+마이크,전화+방문,,서울특별시 중구 만리재로175,,서울특별시 중구 중림동,중림동주민센터,02-3396-8476,http://www.junggu.seoul.kr/dong/jungnim/main.do,37.554753,126.964636,2022-05-30
중림동 주민센터 다목적실(1층),중림동 주민센터,강당,1월 1일+설 연휴+추석 연휴,09:00,21:00,10:00,18:00,N,,,,,50,122.32,빔프로젝터+스크린+앰프+사회대+마이크+책상+의자+붙박이장,전화+방문,,서울특별시 중구 만리재로175,,서울특별시 중구 중림동,중림동주민센터,02-3396-8476,http://www.junggu.seoul.kr/dong/jungnim/main.do,37.554753,126.964636,2022-05-30
중림동 주민센터 쉼터올래(1층),중림동 주민센터,기타,1월 1일+설 연휴+추석 연휴,09:00,21:00,10:00,18:00,N,,,,,30,103.75,테이블+의자+냉장고+커피머신+얼음제조기+오븐,자유이용,,서울특별시 중구 만리재로175,,서울특별시 중구 중림동,중림동주민센터,02-3396-8476,http://www.junggu.seoul.kr/dong/jungnim/main.do,37.554753,126.964636,2022-05-30
중림동 주민센터 회의실(3층),중림동 주민센터,강의실,1월 1일+설 연휴+추석 연휴,09:00,21:00,10:00,18:00,N,,,,,16,48.64,책상+의자+화이트보드+캐비닛,전화+방문,,서울특별시 중구 만리재로175,,서울특별시 중구 중림동,중림동주민센터,02-3396-8476,http://www.junggu.seoul.kr/dong/jungnim/main.do,37.554753,126.964636,2022-05-30
중림동 우리동네관리사무소 회의실(1층),중림동 우리동네관리사무소,강의실,토+일+공휴일,09:00,18:00,00:00,00:00,N,,,,,8,66,책상+의자+빔프로젝터+무선마이크,전화,,서울특별시 중구 서소문로6길 16,,서울특별시 중구 중림동,중림동주민센터,02-3396-6927,http://www.junggu.seoul.kr/dong/jungnim/main.do,37.55943026,126.9662595,2022-05-30
중림동 커뮤니티공간 커뮤니티공간(1층),중림동 커뮤니티공간,기타,토+일+공휴일,09:00,18:00,00:00,00:00,N,,,,,16,49.5,책상+의자+음향장비+커피머신,자유이용,,서울특별시 중구 서소문로6길 16,,서울특별시 중구 중림동,중림동주민센터,02-3396-6927,http://www.junggu.seoul.kr/dong/jungnim/main.do,37.55943026,126.9662595,2022-05-30
남산타운문화체육센터 다목적체육실(5층),남산타운문화체육센터,체육관,둘째 주 일+넷째 주 일+공휴일,06:00,22:00,09:00,18:00,Y,1,0,1,0,20,56,회의용테이블(15개)+의자(20개),온라인+전화+방문,,서울특별시 중구 다산로 32,,서울특별시 중구시설관리공단,동정부과,02-2280-8483,https://www.e-junggu.or.kr/,37.54716677,127.0056772,2022-05-30
남산타운문화체육센터 제1강의실(3층),남산타운문화체육센터,강의실,둘째 주 일+넷째 주 일+공휴일,06:00,22:00,09:00,18:00,Y,1,0,1,0,30,231,음향장비+냉난방설비+전면거울+탈의실+탁구대,온라인+전화+방문,,서울특별시 중구 다산로 32,,서울특별시 중구시설관리공단,동정부과,02-2280-8483,https://www.e-junggu.or.kr/,37.54716677,127.0056772,2022-05-30
무학봉체육관 다목적체육관,무학봉체육관,체육관,둘째 주 일+넷째 주 일+명절연휴,06:00,22:00,06:00,21:00,Y,1,0,1,0,70,591.32,배드민턴+농구+샤워실,온라인+전화+방문,,서울특별시 중구 난계로6길 8,,서울특별시 중구시설관리공단,동정부과,02-2280-8426,https://www.e-junggu.or.kr/,37.5622538,127.0245573,2022-05-30
손기정문화체육센터 생활체육교실1(1층),손기정문화체육센터,체육관,일+공휴일,06:00,22:00,09:00,18:00,Y,1,0,1,0,18,113,음향장비+냉낭방설비+전면거울+매트 등,온라인+전화+방문,,서울특별시 중구 손기정로 101,,서울특별시 중구시설관리공단,동정부과,02-2280-8460,https://www.e-junggu.or.kr/,37.5554795,126.9648157,2022-05-30
손기정문화체육센터 생활체육교실2(2층),손기정문화체육센터,체육관,일+공휴일,06:00,22:00,09:00,18:00,Y,1,0,1,0,16,130,음향장비+냉낭방설비+전면거울+매트+탁구대+검도장비 등,온라인+전화+방문,,서울특별시 중구 손기정로 101,,서울특별시 중구시설관리공단,동정부과,02-2280-8460,https://www.e-junggu.or.kr/,37.5554795,126.9648157,2022-05-30
손기정축구장(실외),손기정축구장(실외),체육관,1월 1일+설 연휴+추석 연휴,07:00,18:00,07:00,18:00,Y,1,0,1,0,33,3456,축구골대,온라인+전화+방문,,서울특별시 중구 손기정로 101,,서울특별시 중구시설관리공단,동정부과,02-2280-8460,https://www.e-junggu.or.kr/,37.5554795,126.9648157,2022-05-30
손기정테니스장(실외),손기정테니스장(실외),체육관,1월 1일+설 연휴+추석 연휴,06:00,22:00,06:00,20:00,Y,1,0,1,0,12,1293,테니스 라켓,온라인+전화+방문,,서울특별시 중구 손기정로 101,,서울특별시 중구시설관리공단,동정부과,02-2280-8460,https://www.e-junggu.or.kr/,37.5554795,126.9648157,2022-05-30
충무스포츠센터 다목적체육관1(지하1층),충무스포츠센터,체육관,둘째 주 일+넷째 주 일+공휴일,06:00,22:00,09:00,18:00,Y,1,0,1,0,40,210,음향장비+3면 거울,온라인+전화+방문,,서울특별시 중구 퇴계로387,,서울특별시 중구시설관리공단,동정부과,02-2280-8405,https://www.e-junggu.or.kr/,37.5659404,127.0147916,2022-05-30
충무스포츠센터 다목적체육관2(지하1층),충무스포츠센터,체육관,둘째 주 일+넷째 주 일+공휴일,06:00,22:00,09:00,18:00,Y,1,0,1,0,35,182,3면 거울,온라인+전화+방문,,서울특별시 중구 퇴계로387,,서울특별시 중구시설관리공단,동정부과,02-2280-8405,https://www.e-junggu.or.kr/,37.5659404,127.0147916,2022-05-30
충무스포츠센터 다목적체육관3(지하2층),충무스포츠센터,체육관,둘째 주 일+넷째 주 일+공휴일,06:00,22:00,09:00,18:00,Y,1,0,1,0,45,280,음향장비+3면 거울,온라인+전화+방문,,서울특별시 중구 퇴계로387,,서울특별시 중구시설관리공단,동정부과,02-2280-8405,https://www.e-junggu.or.kr/,37.5659404,127.0147916,2022-05-30
회현체육센터 다목적실(2층),회현체육센터,체육관,둘째 주 일+넷째 주 일+공휴일,06:00,22:00,06:00,20:00,Y,1,0,1,0,33,912.48,스피닝 자전거+요가매트+탁구대+의자+음향장비+스테퍼 등,온라인+전화+방문,,서울특별시 중구 퇴계로12길 78,,서울특별시 중구시설관리공단,동정부과,02-2280-8433,https://www.e-junggu.or.kr/,37.556001,126.981623,2022-05-30
훈련원공원종합체육관 다목적체육관(1층),훈련원공원종합체육관,체육관,둘째 주 월+넷째 주 월+명절연휴,06:00,22:00,06:00,22:00,Y,1,0,1,0,65,520,음향장비+냉난방설비+사회대+전면거울+탁구대,온라인+전화+방문,,서울특별시 중구 을지로 227,,서울특별시 중구시설관리공단,동정부과,02-2280-8399,https://www.e-junggu.or.kr/,37.5669288,127.0043873,2022-05-30
신당누리센터 하늘누리(7층),신당누리센터,기타,공휴일,09:00,21:00,10:00,18:00,N,,,,,0,172.68,,전화+방문,,서울특별시 중구 다산로33가길 3,,서울특별시 중구 동정부과,동정부과,02-3396-4565,https://www.junggu.seoul.kr/content.do?cmsid=15068,37.56268964,127.0139655,2022-05-30
중구문화원 기타(1층),중구문화원,기타,연중무휴,09:00,21:00,10:00,18:00,Y,36,150000,1,0,30,179,기타+회의실+피아노+조명+음향+영사기+작품걸이+냉난방,전화+방문,,서울특별시 중구 청계천로 86,,서울특별시 중구문화원,문화관광과,02-3396-4605,http://www.junggucc.or.kr/,37.567519,126.9865268,2022-05-30
중구청작은도서관 기타(1층),중구청작은도서관,기타,토+일+공휴일,09:00,18:00,00:00,00:00,N,,,,,0,184,,자유이용,,서울특별시 중구 창경궁로 17,,서울특별시 중구 문화관광과,문화관광과,02-3396-4613,https://www.junggulib.or.kr/SJGL/menu/10066/program/30016/smallLibList.do,37.56412015,126.9980097,2022-05-30
신당생활문화예술터일상 지하1층,신당생활문화예술터일상,강당,토(12:00 이후)+일+공휴일,09:00,21:00,09:00,12:00,N,,,,,45,182.51,책상+의자+냉난방설비+부착 전면거울,온라인+전화+방문,,서울특별시 중구 퇴계로 408,,서울특별시 중구 문화관광과,문화관광과,02-2230-6725,https://www.eshare.go.kr/UserPortal/Upv/UprResrcFacl/index.do?rsrc_no=CJ07K5555656,37.56512167,127.0170048,2022-05-30
신당생활문화예술터일상 지상1층,신당생활문화예술터일상,강당,토(12:00 이후)+일+공휴일,09:00,21:00,09:00,12:00,N,,,,,76,305.41,책상+의자+냉난방설비+빔프로젝터+음향장비+화이트보드,온라인+전화+방문,,서울특별시 중구 퇴계로 408,,서울특별시 중구 문화관광과,문화관광과,02-2230-6725,https://www.eshare.go.kr/UserPortal/Upv/UprResrcFacl/index.do?rsrc_no=CJ07K5555656,37.56512167,127.0170048,2022-05-30
가온도서관 문화강좌실(2층),가온도서관,강의실,월+공휴일,10:00,22:00,10:00,22:00,N,,,,,30,54,빔프로젝터+음향장비+책상+의자+냉난방설비+화이트보드,온라인+전화+방문,,서울특별시 중구 동호로14길 18,,서울특별시 중구 문화관광과,문화관광과,02-2230-2929,https://www.junggulib.or.kr/SJGL/menu/10079/program/30023/facilityCalendar.do,37.55638543,127.0108377,2022-05-30
가온도서관 커뮤니티실(2층),가온도서관,강의실,월+공휴일,10:00,22:00,10:00,22:00,N,,,,,10,23.5,책상+의자+냉난방설비+화이트보드,온라인+전화+방문,,서울특별시 중구 동호로14길 18,,서울특별시 중구 문화관광과,문화관광과,02-2230-2929,https://www.junggulib.or.kr/SJGL/menu/10079/program/30023/facilityCalendar.do,37.55638543,127.0108377,2022-05-30
어울림도서관 문화강좌실1(4층),어울림도서관,강의실,월+공휴일,10:00,22:00,10:00,22:00,N,,,,,0,26.4,빔프로젝터+음향장비+책상+의자+냉난방설비+화이트보드,온라인+전화+방문,,서울특별시 중구 다산로38길 66-35,,서울특별시 중구 문화관광과,문화관광과,02-2230-2911,https://www.junggulib.or.kr/SJGL/menu/10079/program/30023/facilityCalendar.do,37.561772,127.0189303,2022-05-30
남산타운어린이도서관 문화강좌실2(3층),남산타운어린이도서관,강의실,첫째 주 월+셋째 주 월+다섯째 주 월+둘째 주 일+넷째 주 일+공휴일,10:00,22:00,10:00,18:00,N,,,,,10,27.2,빔프로젝터+음향장비+책상+의자+냉난방설비+화이트보드,온라인+전화+방문,,서울특별시 중구 다산로 32,,서울특별시 중구 문화관광과,문화관광과,02-2230-2938,https://www.junggulib.or.kr/,37.54716677,127.0056772,2022-05-30
손기정어린이도서관 꿈나래실(1층),손기정어린이도서관,강의실,월+공휴일,10:00,22:00,10:00,18:00,N,,,,,14,24,빔프로젝터+책상+의자+냉난방설비+화이트보드,온라인+전화+방문,,서울특별시 중구 손기정로 101-1,,서울특별시 중구 문화관광과,문화관광과,02-2230-2949,https://www.junggulib.or.kr/SJGL/menu/10079/program/30023/facilityCalendar.do,37.55519744,126.9646033,2022-05-30
신당누리도서관 북카페(1층),신당누리도서관,강의실,월+공휴일,09:30,22:00,09:30,18:00,N,,,,,18,64.46,빔프로젝터+책상+의자+냉난방설비+화이트보드,온라인+전화+방문,,서울특별시 중구 다산로33가길 3,,서울특별시 중구 문화관광과,문화관광과,02-2230-2964,https://www.junggulib.or.kr/SJGL/menu/10079/program/30023/facilityCalendar.do,37.56268964,127.0139655,2022-05-30
신당누리도서관 동아리실(1층),신당누리도서관,강의실,일+공휴일,09:30,22:00,09:30,18:00,N,,,,,6,10.51,책상+의자+냉난방설비,온라인+전화+방문,,서울특별시 중구 다산로33가길 3,,서울특별시 중구 문화관광과,문화관광과,02-2230-2964,https://www.junggulib.or.kr/SJGL/menu/10079/program/30023/facilityCalendar.do,37.56268964,127.0139655,2022-05-30
다산성곽도서관 프로그램실(3층),다산성곽도서관,강의실,월+공휴일,10:00,22:00,10:00,22:00,N,,,,,12,34.85,전자칠판(화이트보드겸용)+책상+의자+냉난방설비,온라인+전화+방문,,서울특별시 중구 동호로17길 173,,서울특별시 중구 문화관광과,문화관광과,02-2230-2969,https://www.junggulib.or.kr/SJGL/menu/10079/program/30023/facilityCalendar.do,37.55163335,127.0043894,2022-05-30
손기정문화도서관 프로그램실(2층),손기정문화도서관,강의실,월+공휴일,10:00,22:00,10:00,22:00,N,,,,,20,43.2,냉난방+조명+빔프로젝트+책상+의자,전화+방문,,서울특별시 중구 손기정로101-3,,서울특별시 중구 문화관광과,문화관광과,02-2230-2950,https://www.junggulib.or.kr/SJGL/menu/10079/program/30023/facilityCalendar.do,37.55592073,126.9645282,2022-05-30
장충동 작은도서관 프로그램실,장충동 작은도서관,강의실,월+공휴일,10:00,22:00,10:00,18:00,N,,,,,12,27,빔프로젝트+책상+의자+냉난방설비+화이트보드,온라인+전화+방문,,서울특별시 중구 동호로25길 33,,서울특별시 중구 문화관광과,문화관광과,02-2230-2972,https://www.junggulib.or.kr/SJGL/menu/10079/program/30023/facilityCalendar.do,37.55919685,127.0013427,2022-05-30
중구 구민회관 소강당(1층),중구 구민회관,강당,공휴일,09:00,21:00,09:00,18:00,Y,1,0,1,0,100,241.32,냉난방+조명+방송+빔프로젝트+피아노,전화,,서울특별시 중구 을지로39길 40,,서울특별시 중구시설관리공단,행정지원과,02-2280-8384,https://www.e-junggu.or.kr/fmcs/156,37.5689855,127.0057956,2022-05-30
중구 구민회관 대강당(3층),중구 구민회관,강당,공휴일,09:00,21:00,09:00,18:00,Y,1,0,1,0,300,659.6,냉난방+조명+방송+빔프로젝트+피아노,전화,,서울특별시 중구 을지로39길 40,,서울특별시 중구시설관리공단,행정지원과,02-2280-8384,https://www.e-junggu.or.kr/fmcs/156,37.5689855,127.0057956,2022-05-30
을지유니크팩토리 교육실(지하2층),을지유니크팩토리,강의실,공휴일,09:00,21:00,09:00,18:00,N,,,,,20,94.7,빔프로젝터+음향장비+책상+의자+냉난방설비+화이트보드,온라인+전화+방문,,서울특별시 중구 을지로170,,서울특별시 중구 도심산업과,도심산업과,070-4266-5500,https://www.euf.or.kr/space,37.56613918,126.9973275,2022-05-30
을지유니크팩토리 XR LAB(지하2층),을지유니크팩토리,기타,공휴일,09:00,21:00,09:00,18:00,N,,,,,0,0,,온라인+전화+방문,,서울특별시 중구 을지로170,,서울특별시 중구 도심산업과,도심산업과,070-4266-5500,https://www.euf.or.kr/space,37.56613918,126.9973275,2022-05-30
을지유니크팩토리 홍보기타(지하2층),을지유니크팩토리,기타,공휴일,09:00,21:00,09:00,18:00,N,,,,,0,0,,온라인+전화+방문,,서울특별시 중구 을지로170,,서울특별시 중구 도심산업과,도심산업과,070-4266-5500,https://www.euf.or.kr/space,37.56613918,126.9973275,2022-05-30
충무아트센터 소나무실(지하1층),충무아트센터,강의실,공휴일,09:00,21:00,10:00,18:00,N,,,,,30,122.45,컴퓨터+빔프로젝터+음향장비+사회대+피아노+책상+의자,온라인,,서울특별시 중구 퇴계로387,,서울특별시 중구문화재단,문화관광과,02-2230-6630,https://www.caci.or.kr/,37.56594097,127.0147809,2022-05-30
충무아트센터 장미실(지하1층),충무아트센터,강의실,공휴일,09:00,21:00,10:00,18:00,N,,,,,15,112.34,전면거울,온라인,,서울특별시 중구 퇴계로387,,서울특별시 중구문화재단,문화관광과,02-2230-6630,https://www.caci.or.kr/,37.56594097,127.0147809,2022-05-30
충무아트센터 까치실(지하1층),충무아트센터,강의실,공휴일,09:00,21:00,10:00,18:00,N,,,,,15,104.8,이젤+책상(11개)+의자(12개),온라인,,서울특별시 중구 퇴계로387,,서울특별시 중구문화재단,문화관광과,02-2230-6630,https://www.caci.or.kr/,37.56594097,127.0147809,2022-05-30
충무아트센터 어린이미술실(지하1층),충무아트센터,강의실,공휴일,09:00,21:00,10:00,18:00,N,,,,,12,47.25,어린이 책상(7개)+어린이 의자(7개),온라인,,서울특별시 중구 퇴계로387,,서울특별시 중구문화재단,문화관광과,02-2230-6630,https://www.caci.or.kr/,37.56594097,127.0147809,2022-05-30
충무아트센터 스튜디오B(지하1층),충무아트센터,기타,공휴일,09:00,21:00,10:00,18:00,N,,,,,40,143,지휘자 보면대(1개)+보면대(45개)+피아노+의자(30개),온라인,,서울특별시 중구 퇴계로387,,서울특별시 중구문화재단,문화관광과,02-2230-6630,https://www.caci.or.kr/,37.56594097,127.0147809,2022-05-30
충무아트센터 오케스트라실(지하2층),충무아트센터,기타,공휴일,09:00,21:00,10:00,18:00,N,,,,,30,128,보면대(40개)+의자(80개),온라인,,서울특별시 중구 퇴계로387,,서울특별시 중구문화재단,문화관광과,02-2230-6630,https://www.caci.or.kr/,37.56594097,127.0147809,2022-05-30
중구교육지원센터(이로움) 컨퍼런스1(지하1층),중구교육지원센터(이로움),강의실,공휴일,09:00,22:00,09:00,18:00,N,,,,,10,40,빔프로젝터+음향장비+책상+의자+냉난방설비+사회대+화이트보드,온라인,,서울특별시 중구 다산로38길 85,,중구교육지원센터(이로움),교육아동청소년과,02-3396-4695,https://eroum.junggu.seoul.kr/eroum/selectFacilityWebCalenderView.do?key=23,37.5622069,127.0184554,2022-05-30
중구교육지원센터(이로움) 컨퍼런스2(지하1층),중구교육지원센터(이로움),강의실,공휴일,09:00,22:00,09:00,18:00,N,,,,,6,18,빔프로젝터+음향장비+책상+의자+냉난방설비+사회대+화이트보드,온라인,,서울특별시 중구 다산로38길 85,,중구교육지원센터(이로움),교육아동청소년과,02-3396-4695,https://eroum.junggu.seoul.kr/eroum/selectFacilityWebCalenderView.do?key=23,37.5622069,127.0184554,2022-05-30
중구교육지원센터(이로움) 컨퍼런스3(지하1층),중구교육지원센터(이로움),강의실,공휴일,09:00,22:00,09:00,18:00,N,,,,,8,32,빔프로젝터+음향장비+책상+의자+냉난방설비+사회대+화이트보드,온라인,,서울특별시 중구 다산로38길 85,,중구교육지원센터(이로움),교육아동청소년과,02-3396-4695,https://eroum.junggu.seoul.kr/eroum/selectFacilityWebCalenderView.do?key=23,37.5622069,127.0184554,2022-05-30
중구교육지원센터(이로움) 액티비티룸(지하2층),중구교육지원센터(이로움),강당,공휴일,09:00,22:00,09:00,18:00,N,,,,,10,40,빔프로젝터+음향장비+책상+의자+냉난방설비+사회대+전면거울+화이트보드+탁구대+보드게임,온라인+방문,,서울특별시 중구 다산로38길 85,,중구교육지원센터(이로움),교육아동청소년과,02-3396-4695,https://eroum.junggu.seoul.kr/eroum/selectFacilityWebCalenderView.do?key=23,37.5622069,127.0184554,2022-05-30
중구청소년센터 205호(2층),중구청소년센터,강의실,둘째 주 일+공휴일,09:00,21:00,10:00,18:00,Y,2,40000,1,15000,7,23,,온라인+전화,,서울특별시 중구 동호로5길 19,,중구청소년센터,교육아동청소년과,02-2250-0500,https://www.j-youth.org/kor/about/rental03.php?pay_type=1,37.551822,127.0125747,2022-05-30
중구청소년센터 라미의방(3층),중구청소년센터,강의실,둘째 주 일+공휴일,09:00,21:00,10:00,18:00,Y,2,40000,1,15000,7,25.3,게임기+노래방+TV+좌식책상,온라인+전화,,서울특별시 중구 동호로5길 19,,중구청소년센터,교육아동청소년과,02-2250-0500,https://www.j-youth.org/kor/about/rental03.php?pay_type=1,37.551822,127.0125747,2022-05-30
중구청소년센터 복합문화공간(3층),중구청소년센터,강당,둘째 주 일+공휴일,09:00,21:00,10:00,18:00,Y,2,40000,1,15000,35,154,요가 매트+음향장비,온라인+전화,,서울특별시 중구 동호로5길 19,,중구청소년센터,교육아동청소년과,02-2250-0500,https://www.j-youth.org/kor/about/rental03.php?pay_type=1,37.551822,127.0125747,2022-05-30
중구청소년센터 극장,중구청소년센터,기타,둘째 주 일+공휴일,09:00,21:00,10:00,18:00,Y,3,240000,1,25000,100,238,,온라인+전화,,서울특별시 중구 동호로5길 19,,중구청소년센터,교육아동청소년과,02-2250-0500,https://www.j-youth.org/kor/about/rental03.php?pay_type=1,37.551822,127.0125747,2022-05-30
중구청소년센터 체육관(3층),중구청소년센터,체육관,둘째 주 일+공휴일,09:00,21:00,10:00,18:00,Y,1,40000,1,40000,100,638,농구공+탁구대+배드민턴장비,온라인+전화,,서울특별시 중구 동호로5길 19,,중구청소년센터,교육아동청소년과,02-2250-0500,https://www.j-youth.org/kor/about/rental03.php?pay_type=1,37.551822,127.0125747,2022-05-30
중구진로직업체험센터 누리방(4층),중구진로직업체험센터,강당,공휴일,09:00,21:00,10:00,18:00,N,,,,,60,144.05,빔프로젝터,온라인+전화+방문,,서울특별시 중구 다산로33가길 3,,중구진로직업체험센터,교육아동청소년과,02-2250-0581,https://blog.naver.com/j_youth,37.56268964,127.0139655,2022-05-30
중구진로직업체험센터 메이커랩(4층),중구진로직업체험센터,강의실,공휴일,09:00,21:00,10:00,18:00,N,,,,,24,58.74,3D프린터+레이저커터기등 구비,온라인+전화+방문,,서울특별시 중구 다산로33가길 3,,중구진로직업체험센터,교육아동청소년과,02-2250-0581,https://blog.naver.com/j_youth,37.56268964,127.0139655,2022-05-30
중구진로직업체험센터 디자인랩(4층),중구진로직업체험센터,강의실,공휴일,09:00,21:00,10:00,18:00,N,,,,,20,52.84,재봉틀+섬유프린터+종이커터기+드로잉패드,온라인+전화+방문,,서울특별시 중구 다산로33가길 3,,중구진로직업체험센터,교육아동청소년과,02-2250-0581,https://blog.naver.com/j_youth,37.56268964,127.0139655,2022-05-30
중구진로직업체험센터 톡톡방(4층),중구진로직업체험센터,기타,공휴일,09:00,21:00,10:00,18:00,N,,,,,12,46.69,커피머신,온라인+전화+방문,,서울특별시 중구 다산로33가길 3,,중구진로직업체험센터,교육아동청소년과,02-2250-0581,https://blog.naver.com/j_youth,37.56268964,127.0139655,2022-05-30
쓰레기연구소(새롬) 다목적홀(2층),쓰레기연구소(새롬),강당,토+일+공휴일,09:00,18:00,00:00,00:00,N,,,,,15,138.38,책상+의자+냉난방설비,전화,,서울특별시 중구 퇴계로52길 12,,쓰레기연구소(새롬),청소행정과,02-3396-5462,https://www.junggu.seoul.kr/content.do?cmsid=15256,37.56279574,127.0036338,2022-05-30
쓰레기연구소(새롬) 대강당(3층),쓰레기연구소(새롬),강당,토+일+공휴일,09:00,18:00,00:00,00:00,N,,,,,30,136.43,책상+의자+냉난방설비,전화,,서울특별시 중구 퇴계로52길 12,,쓰레기연구소(새롬),청소행정과,02-3396-5462,https://www.junggu.seoul.kr/content.do?cmsid=15256,37.56279574,127.0036338,2022-05-30
신당사회복지관 강당(2층),신당사회복지관,강당,공휴일,09:00,21:00,10:00,18:00,Y,1,70000,1,0,80,192.6,빔프로젝터+음향장비+책상+의자+냉난방설비+사회대+화이트보드+탁구대,온라인+전화+방문,,서울특별시 중구 동호로11길 22,,신당사회복지관,복지지원과,02-2231-1876,http://www.shindang.or.kr/bbs/board.php?bo_table=0501,37.55436136,127.0095445,2022-05-30
신당사회복지관 선행방(5층),신당사회복지관,강의실,공휴일,09:00,21:00,10:00,18:00,Y,1,20000,1,0,20,57.6,책상+의자+냉난방설비+화이트보드,온라인+전화+방문,,서울특별시 중구 동호로11길 22,,신당사회복지관,복지지원과,02-2231-1876,http://www.shindang.or.kr/bbs/board.php?bo_table=0501,37.55436136,127.0095445,2022-05-30
유락사회복지관 배론교실(8층),유락사회복지관,강의실,공휴일,09:00,21:00,10:00,18:00,Y,1,0,1,0,20,27.81,화이트보드+책상+의자+냉난방기,온라인+전화+방문,,서울특별시 중구 퇴계로 460,,유락사회복지관,복지지원과,02-2235-4000,http://www.yurak.or.kr/kor/board/board_list_05.php,37.56509159,127.022756,2022-05-30
유락사회복지관 솔뫼교실(8층),유락사회복지관,강의실,공휴일,09:00,21:00,10:00,18:00,Y,1,0,1,0,20,28.98,화이트보드+책상+의자+냉난방기,온라인+전화+방문,,서울특별시 중구 퇴계로 460,,유락사회복지관,복지지원과,02-2235-4000,http://www.yurak.or.kr/kor/board/board_list_05.php,37.56509159,127.022756,2022-05-30
유락사회복지관 강당(9층),유락사회복지관,강당,공휴일,09:00,21:00,10:00,18:00,Y,1,0,1,0,120,219.4,빔프로젝터+책상+의자+컴퓨터+음향장비+냉난방기,온라인+전화+방문,,서울특별시 중구 퇴계로 460,,유락사회복지관,복지지원과,02-2235-4000,http://www.yurak.or.kr/kor/board/board_list_05.php,37.56509159,127.022756,2022-05-30
중림사회복지관 강당(3층),중림사회복지관,강당,공휴일,09:00,21:00,10:00,18:00,Y,2,100000,1,20000,100,186.35,빔프로젝터+음향장비+책상+의자+냉난방설비+사회대+화이트보드+공기청정기+피아노,온라인+전화+방문,,서울특별시 중구 서소문로6길 16,,중림사회복지관,복지지원과,02-362-3348,http://www.jlcwc.or.kr/,37.55943026,126.9662595,2022-05-30
중림사회복지관 청춘카페(6층),중림사회복지관,강의실,공휴일,09:00,21:00,10:00,18:00,Y,1,0,1,0,10,25.01,책상+의자+냉난방시설+공기청정기,온라인+전화+방문,,서울특별시 중구 서소문로6길 16,,중림사회복지관,복지지원과,02-362-3348,http://www.jlcwc.or.kr/,37.55943026,126.9662595,2022-05-30
중구 장애인복지관 갤러리 드림블라썸(2층),중구 장애인복지관,기타,일+공휴일,09:00,21:00,10:00,18:00,N,,,,,10,50,테이블+의자+냉난방설비,전화+방문,,서울특별시 중구 퇴계로 460,,중구 장애인복지관,사회복지과,02-2235-8631,https://www.jgcrc.or.kr/,37.56509159,127.022756,2022-05-30
중구 장애인복지관 프로그램실-조리실(2층),중구 장애인복지관,기타,일+공휴일,09:00,21:00,10:00,18:00,N,,,,,9,45,조리기구 일체(가스렌지+조리도구 등)+냉난방설비,전화+방문,,서울특별시 중구 퇴계로 460,,중구 장애인복지관,사회복지과,02-2235-8631,https://www.jgcrc.or.kr/,37.56509159,127.022756,2022-05-30
중구 장애인복지관 문화예술실(2층),중구 장애인복지관,강의실,일+공휴일,09:00,21:00,10:00,18:00,N,,,,,10,45,테이블+의자+화이트보드+냉난방설비,전화+방문,,서울특별시 중구 퇴계로 460,,중구 장애인복지관,사회복지과,02-2235-8631,https://www.jgcrc.or.kr/,37.56509159,127.022756,2022-05-30
중구 장애인복지관 프로그램실(2층),중구 장애인복지관,강의실,일+공휴일,09:00,21:00,10:00,18:00,N,,,,,8,33,책상+의자+냉난방기기+사회대+화이트보드+TV,전화+방문,,서울특별시 중구 퇴계로 460,,중구 장애인복지관,사회복지과,02-2235-8631,https://www.jgcrc.or.kr/,37.56509159,127.022756,2022-05-30
중구 장애인복지관 프로그램실(5층),중구 장애인복지관,강의실,일+공휴일,09:00,21:00,10:00,18:00,N,,,,,6,26,테이블+의자+TV+냉난방설비,전화+방문,,서울특별시 중구 퇴계로 460,,중구 장애인복지관,사회복지과,02-2235-8631,https://www.jgcrc.or.kr/,37.56509159,127.022756,2022-05-30
중구가족센터 교육실1(10층),중구가족센터,강의실,공휴일,09:00,21:00,09:00,18:00,Y,1,0,1,0,15,56.7,빔프로젝터+책상+의자+화이트보드,전화,,서울특별시 중구 퇴계로 460,,중구가족센터,여성보육과,070-4923-1602,https://sujung.familynet.or.kr/center/,37.56509159,127.022756,2022-05-30
중구가족센터 교육실2(10층),중구가족센터,강의실,공휴일,09:00,21:00,09:00,18:00,Y,1,0,1,0,10,47.12,빔프로젝터+책상+의자+화이트보드,전화,,서울특별시 중구 퇴계로 460,,중구가족센터,여성보육과,070-4923-1602,https://sujung.familynet.or.kr/center/,37.56509159,127.022756,2022-05-30
중구여성플라자 1강의실(4층),중구여성플라자,강의실,일+공휴일,09:00,21:00,09:00,18:00,Y,1,20000,1,0,24,107.3,빔프로젝터+책상+의자+냉난방설비+화이트보드,전화+방문,,서울특별시 중구 다산로32길 5,,중구여성플라자,여성보육과,02-2236-9985,https://www.jgwoman.or.kr/,37.5612655,127.0148306,2022-05-30
중구여성플라자 2강의실(4층),중구여성플라자,강의실,일+공휴일,09:00,21:00,09:00,18:00,Y,1,20000,1,0,16,58.5,빔프로젝터+책상+의자+냉난방설비+화이트보드,전화+방문,,서울특별시 중구 다산로32길 5,,중구여성플라자,여성보육과,02-2236-9985,https://www.jgwoman.or.kr/,37.5612655,127.0148306,2022-05-30
중구여성플라자 3강의실(4층),중구여성플라자,강의실,일+공휴일,09:00,21:00,09:00,18:00,Y,1,20000,1,0,14,59.2,빔프로젝터+책상+의자+냉난방설비+화이트보드,전화+방문,,서울특별시 중구 다산로32길 5,,중구여성플라자,여성보육과,02-2236-9985,https://www.jgwoman.or.kr/,37.5612655,127.0148306,2022-05-30
중구여성플라자 다목적홀(5층),중구여성플라자,강당,일+공휴일,09:00,21:00,09:00,18:00,Y,1,30000,1,0,30,131.5,빔프로젝터+음향장비+냉난방시설+전면거울+피아노,전화+방문,,서울특별시 중구 다산로32길 5,,중구여성플라자,여성보육과,02-2236-9985,https://www.jgwoman.or.kr/,37.5612655,127.0148306,2022-05-30
중구여성플라자 소강의실(6층),중구여성플라자,강의실,일+공휴일,09:00,21:00,09:00,18:00,Y,1,20000,1,0,8,16,테이블+의자+화이트보드,전화+방문,,서울특별시 중구 다산로32길 5,,중구여성플라자,여성보육과,02-2236-9985,https://www.jgwoman.or.kr/,37.5612655,127.0148306,2022-05-30
