"개방시설명",개방장소명,개방시설유형구분,휴관일,평일운영시작시각,평일운영종료시각,주말운영시작시각,주말운영종료시각,유료사용여부,사용기준시간,사용료,초과사용단위시간,초과사용료,수용가능인원수,면적,부대시설정보,신청방법구분,시설사진정보,소재지도로명주소,소재지지번주소,관리기관명,담당부서명,사용안내전화번호,홈페이지주소,위도,경도,데이터기준일자
"동대문구 용신동주민센터 다목적 강당",용신동주민센터,강의실,토+일+공휴일,09:00,21:00,00:00,00:00,Y,2,20000,1,10000,80,217,의자+음향시설,인터넷+전화+방문,https://yeyak.seoul.go.kr/web/common/file/FileDown.do?file_id=SVC_IMG_FILE_284115,서울특별시 동대문구 천호대로 27길 35,,서울특별시 동대문구 용신동,,02-2171-6023,yeyak.seoul.go.kr/web/main.do,37.57580011,127.0372689,2022-08-24
"동대문구 용신동주민센터 문화강좌실",용신동주민센터,강당,토+일+공휴일,09:00,18:00,00:00,00:00,Y,2,15000,1,7500,15,43,탁자+의자,인터넷+전화+방문,https://yeyak.seoul.go.kr/web/common/file/FileDown.do?file_id=SVC_IMG_FILE_276913,서울특별시 동대문구 천호대로 27길 35,,서울특별시 동대문구 용신동,,02-2171-6023,yeyak.seoul.go.kr/web/main.do,37.57580011,127.0372689,2022-08-24
"동대문구 제기동 주민센터 (3층 회의실)",제기동주민센터,회의실,토+일+공휴일,10:00,12:00,00:00,00:00,Y,2,15000,1,7500,20,41,탁자+의자+화이트보드,인터넷+전화+방문,https://yeyak.seoul.go.kr/web/common/file/FileDown.do?file_id=SVC_IMG_FILE_278380,서울특별시 동대문구 약령시로 71,,서울특별시 동대문구 제기동,,02-2171-6063,yeyak.seoul.go.kr/web/main.do,37.5831288,127.0378776,2022-08-24
"동대문구 제기동 작은도서관(미래뜰)",제기동주민센터,기타,토+일+공휴일,09:00,18:00,00:00,00:00,N,0,0,0,0,40,186,탁자+의자,인터넷+전화+방문,https://yeyak.seoul.go.kr/web/common/file/FileDown.do?file_id=SVC_IMG_FILE_277092,서울특별시 동대문구 약령시로 71,,서울특별시 동대문구 제기동,,02-2171-6063,yeyak.seoul.go.kr/web/main.do,37.5831288,127.0378776,2022-08-24
"동대문구 전농1동 주민센터 (3층 회의실)",전농1동주민센터,회의실,토+일+공휴일,09:00,21:00,00:00,00:00,Y,2,20000,1,10000,20,130,탁자+의자+빔프로젝트,인터넷+전화+방문,https://yeyak.seoul.go.kr/web/common/file/FileDown.do?file_id=SVC_IMG_FILE_288852,서울특별시 동대문구 서울시립대로 9길 21,,서울특별시 동대문구 전농1동,,02-2171-6103,yeyak.seoul.go.kr/web/main.do,37.5779387,127.0477142,2022-08-24
"동대문구 전농1동 주민센터(전일청소년독서실 5층)",전농1동주민센터,강당,토+일+공휴일,10:00,18:00,00:00,00:00,Y,2,15000,1,7500,20,87,탁자+의자,인터넷+전화+방문,https://yeyak.seoul.go.kr/web/common/file/FileDown.do?file_id=SVC_IMG_FILE_284197,서울특별시 동대문구 서울시립대로 9길 21,,서울특별시 동대문구 전농1동,,02-2171-6103,yeyak.seoul.go.kr/web/main.do,37.5779387,127.0477142,2022-08-24
"동대문구 전농2동 주민센터 (4층 2실)",전농2동주민센터,강의실,토+일+공휴일,09:00,21:00,00:00,00:00,Y,2,15000,1,7500,35,59,탁자+의자+화이트보드+공동캐비넷,인터넷+전화+방문,https://yeyak.seoul.go.kr/web/common/file/FileDown.do?file_id=SVC_IMG_FILE_289038,서울특별시 동대문구 사가정로 137,,서울특별시 동대문구 전농2동,,02-2171-6143,yeyak.seoul.go.kr/web/main.do,37.5780526,127.0600078,2022-08-24
"동대문구 전농2동 주민센터(5층 강당)",전농2동주민센터,강당,토+일+공휴일,09:00,21:00,00:00,00:00,Y,2,15000,1,7500,35,59,탁자+의자,인터넷+전화+방문,https://yeyak.seoul.go.kr/web/common/file/FileDown.do?file_id=SVC_IMG_FILE_278320,서울특별시 동대문구 사가정로 137,,서울특별시 동대문구 전농2동,,02-2171-6143,yeyak.seoul.go.kr/web/main.do,37.5780526,127.0600078,2022-08-24
"동대문구 답십리1동 주민센터(5층 다목적강당)",답십리1동주민센터,회의실,토+일+공휴일,09:00,20:00,00:00,00:00,Y,2,15000,1,7500,100,329,탁자+의자+빔프로젝트+음향시설,인터넷+전화+방문,https://yeyak.seoul.go.kr/web/common/file/FileDown.do?file_id=SVC_IMG_FILE_287301,서울특별시 동대문구 사가정로 30,,서울특별시 동대문구 답십리1동,,02-2171-6223,yeyak.seoul.go.kr/web/main.do,37.57184437,127.051238,2022-08-24
"동대문구 답십리1동 주민센터(6층 다목적실)",답십리1동주민센터,다목적실,토+일+공휴일,09:00,20:00,00:00,00:00,Y,2,15000,1,7500,30,272,,인터넷+전화+방문,https://yeyak.seoul.go.kr/web/common/file/FileDown.do?file_id=SVC_IMG_FILE_287301,서울특별시 동대문구 사가정로 30,,서울특별시 동대문구 답십리1동,,02-2171-6223,yeyak.seoul.go.kr/web/main.do,37.57184437,127.051238,2022-08-24
"동대문구 답십리2동 주민센터 회의실",답십리2동주민센터,회의실,토+일+공휴일,09:00,21:00,00:00,00:00,Y,2,15000,1,7500,20,60,탁자+의자+화이트보드,인터넷+전화+방문,https://yeyak.seoul.go.kr/web/common/file/FileDown.do?file_id=SVC_IMG_FILE_278616,서울특별시 동대문구 한천로11길 18,,서울특별시 동대문구 답십리2동,,02-2171-6243,yeyak.seoul.go.kr/web/main.do,37.567353,127.0612752,2022-08-24
"동대문구 답십리2동 주민센터 소회의실",답십리2동주민센터,회의실,토+일+공휴일,09:00,21:00,00:00,00:00,Y,2,15000,1,7500,10,42,탁자+의자+화이트보드,인터넷+전화+방문,https://yeyak.seoul.go.kr/web/common/file/FileDown.do?file_id=SVC_IMG_FILE_282929,서울특별시 동대문구 한천로11길 18,,서울특별시 동대문구 답십리2동,,02-2171-6243,yeyak.seoul.go.kr/web/main.do,37.567353,127.0612752,2022-08-24
"동대문구 장안1동 주민센터 (2층 회의실)",장안1동주민센터,회의실,토+일+공휴일,09:00,21:00,00:00,00:00,Y,2,15000,1,7500,30,90,탁자+의자+빔프로젝트,인터넷+전화+방문,https://yeyak.seoul.go.kr/web/common/file/FileDown.do?file_id=SVC_IMG_FILE_283477,서울특별시 동대문구 한천로18길 52,,서울특별시 동대문구 장안1동,,02-2171-6283,yeyak.seoul.go.kr/web/main.do,37.56781837,127.066412,2022-08-24
"동대문구 장안1동 문화센터 북카페",장안1동주민센터,기타,토+일+공휴일,09:00,17:00,00:00,00:00,N,0,0,0,0,10,144,탁자+의자,인터넷+전화+방문,https://yeyak.seoul.go.kr/web/common/file/FileDown.do?file_id=SVC_IMG_FILE_286493,서울특별시 동대문구 장한로26가길 113,,서울특별시 동대문구 장안1동,,02-2171-6283,yeyak.seoul.go.kr/web/main.do,37.566901,127.0695125,2022-08-24
"동대문구 장안1동 문화센터 문화사랑방(2층)",장안1동주민센터,회의실,토+일+공휴일,13:00,18:00,00:00,00:00,Y,2,15000,1,7500,30,54,탁자+의자+화이트보드,인터넷+전화+방문,https://yeyak.seoul.go.kr/web/common/file/FileDown.do?file_id=SVC_IMG_FILE_286898,서울특별시 동대문구 장한로26가길 113,,서울특별시 동대문구 장안1동,,02-2171-6283,yeyak.seoul.go.kr/web/main.do,37.566901,127.0695125,2022-08-24
"동대문구 장안1동 문화센터 다목적실(2층)",장안1동주민센터,다목적실,토+일+공휴일,13:00,18:00,00:00,00:00,Y,2,15000,1,7500,25,66,탁자+의자+화이트보드,인터넷+전화+방문,https://yeyak.seoul.go.kr/web/common/file/FileDown.do?file_id=SVC_IMG_FILE_276760,서울특별시 동대문구 장한로26가길 113,,서울특별시 동대문구 장안1동,,02-2171-6283,yeyak.seoul.go.kr/web/main.do,37.566901,127.0695125,2022-08-24
"동대문구 장안2동 주민센터(3층 회의실)",장안2동주민센터,회의실,토+일+공휴일,10:00,18:00,00:00,00:00,Y,2,15000,1,7500,20,70,탁자+의자,인터넷+전화+방문,https://yeyak.seoul.go.kr/web/common/file/FileDown.do?file_id=SVC_IMG_FILE_288069,서울특별시 동대문구 사가정로 230-1,,서울특별시 동대문구 장안2동,,02-2171-6345,yeyak.seoul.go.kr/web/main.do,37.5784319,127.0705771,2022-08-24
"동대문구 청량리동주민센터 다목적강당",청량리동주민센터,강당,토+일+공휴일,09:00,21:00,00:00,00:00,Y,2,20000,1,10000,20,130,탁자+의자+음향시설,인터넷+전화+방문,https://yeyak.seoul.go.kr/web/common/file/FileDown.do?file_id=SVC_IMG_FILE_276424,서울특별시 동대문구 왕산로43다길 5,,서울특별시 동대문구 청량리동,,02-2171-6363,yeyak.seoul.go.kr/web/main.do,37.5862894,127.0472296,2022-08-24
"동대문구 회기동 주민센터 지하1층 회의실",회기동주민센터,회의실,토+일+공휴일,13:00,21:00,00:00,00:00,Y,2,15000,1,7500,25,66,탁자+의자+빔프로젝트,인터넷+전화+방문,,서울특별시 동대문구 회기로25길 12-1,,서울특별시 동대문구 회기동,,02-2171-6403,yeyak.seoul.go.kr/web/main.do,37.59080616,127.0553779,2022-08-24
"동대문구 회기동 주민센터 소강당",회기동주민센터,회의실,토+일+공휴일,13:00,18:00,00:00,00:00,Y,2,15000,1,7500,30,93,의자+전면거울,인터넷+전화+방문,https://yeyak.seoul.go.kr/web/common/file/FileDown.do?file_id=SVC_IMG_FILE_283302,서울특별시 동대문구 회기로25길 12-1,,서울특별시 동대문구 회기동,,02-2171-6403,yeyak.seoul.go.kr/web/main.do,37.59080616,127.0553779,2022-08-24
"동대문구 휘경1동주민센터 (4층 강당)",휘경1동주민센터,강당,토+일+공휴일,09:00,18:00,00:00,00:00,Y,2,20000,1,10000,50,100,탁자+의자+빔프로젝트,인터넷+전화+방문,https://yeyak.seoul.go.kr/web/common/file/FileDown.do?file_id=SVC_IMG_FILE_277907,서울특별시 동대문구 외대역동로6길 3,,서울특별시 동대문구 휘경1동,,02-2171-6423,yeyak.seoul.go.kr/web/main.do,37.59291476,127.0657151,2022-08-24
"동대문구 휘경1동주민센터 창작실(4층)",휘경1동주민센터,다목적실,토+일+공휴일,09:00,18:00,00:00,00:00,Y,2,15000,1,7500,15,35,탁자+의자+화이트보드,인터넷+전화+방문,https://yeyak.seoul.go.kr/web/common/file/FileDown.do?file_id=SVC_IMG_FILE_286556,서울특별시 동대문구 외대역동로6길 3,,서울특별시 동대문구 휘경1동,,02-2171-6423,yeyak.seoul.go.kr/web/main.do,37.59291476,127.0657151,2022-08-24
"동대문구 휘경2동 주민센터(5층 문화사랑방)",휘경2동주민센터,기타,토+일+공휴일,09:00,21:00,00:00,00:00,N,0,0,0,0,10,33,탁자+의자,인터넷+전화+방문,https://yeyak.seoul.go.kr/web/common/file/FileDown.do?file_id=SVC_IMG_FILE_283459,서울특별시 동대문구 한천로 329,,서울특별시 동대문구 휘경2동,,02-2171-6443,yeyak.seoul.go.kr/web/main.do,37.5901107,127.0685658,2022-08-24
"동대문구 휘경2동 주민센터 (2층 회의실)",휘경2동주민센터,회의실,토+일+공휴일,09:00,21:00,00:00,00:00,Y,2,15000,1,7500,20,40,탁자+의자,인터넷+전화+방문,https://yeyak.seoul.go.kr/web/common/file/FileDown.do?file_id=SVC_IMG_FILE_281810,서울특별시 동대문구 한천로 329,,서울특별시 동대문구 휘경2동,,02-2171-6443,yeyak.seoul.go.kr/web/main.do,37.5901107,127.0685658,2022-08-24
"동대문구 휘경2동 주민센터 (5층 다목적강당)",휘경2동주민센터,강당,토+일+공휴일,09:00,21:00,00:00,00:00,Y,2,15000,1,7500,10,33,탁자+의자+빔프로젝트,인터넷+전화+방문,https://yeyak.seoul.go.kr/web/common/file/FileDown.do?file_id=SVC_IMG_FILE_281816,서울특별시 동대문구 한천로 329,,서울특별시 동대문구 휘경2동,,02-2171-6443,yeyak.seoul.go.kr/web/main.do,37.5901107,127.0685658,2022-08-24
"동대문구 이문1동주민센터 3층 회의실",이문1동주민센터,회의실,토+일+공휴일,09:00,18:00,00:00,00:00,Y,2,15000,1,7500,20,65,탁자+의자+빔프로젝트,인터넷+전화+방문,https://yeyak.seoul.go.kr/web/common/file/FileDown.do?file_id=SVC_IMG_FILE_278206,서울특별시 동대문구 외대역동로114-1,,서울특별시 동대문구 이문1동,,02-2171-6614,yeyak.seoul.go.kr/web/main.do,37.5978135,127.0654786,2022-08-24
"동대문구 이문1동주민센터 (3층 프로그램실)",이문1동주민센터,회의실,토+일+공휴일,09:00,18:00,00:00,00:00,Y,2,15000,1,7500,20,53,탁자+의자+화이트보드,인터넷+전화+방문,https://yeyak.seoul.go.kr/web/common/file/FileDown.do?file_id=SVC_IMG_FILE_278200,서울특별시 동대문구 외대역동로114-1,,서울특별시 동대문구 이문1동,,02-2171-6614,yeyak.seoul.go.kr/web/main.do,37.5978135,127.0654786,2022-08-24
"동대문구 이문1동주민센터 (4층강당)",이문1동주민센터,강당,토+일+공휴일,15:00,18:00,00:00,00:00,Y,2,20000,1,10000,30,154,탁자+의자+빔프로젝트+음향시설,인터넷+전화+방문,https://yeyak.seoul.go.kr/web/common/file/FileDown.do?file_id=SVC_IMG_FILE_283092,서울특별시 동대문구 외대역동로114-1,,서울특별시 동대문구 이문1동,,02-2171-6614,yeyak.seoul.go.kr/web/main.do,37.5978135,127.0654786,2022-08-24
"동대문구 이문2동 주민센터 (2층 문예창작실)",이문2동주민센터,회의실,토+일+공휴일,09:00,21:00,00:00,00:00,Y,2,15000,1,7500,20,50,탁자+의자,인터넷+전화+방문,https://yeyak.seoul.go.kr/web/common/file/FileDown.do?file_id=SVC_IMG_FILE_285756,서울특별시 동대문구 신이문로27-5,,서울특별시 동대문구 이문2동,,02-2171-6503,yeyak.seoul.go.kr/web/main.do,37.6033142,127.0651101,2022-08-24
"동대문구 이문2동 주민센터 (3층 강당)",이문2동주민센터,강당,토+일+공휴일,09:00,18:00,00:00,00:00,Y,2,15000,1,7500,80,100,탁자+의자,인터넷+전화+방문,https://yeyak.seoul.go.kr/web/common/file/FileDown.do?file_id=SVC_IMG_FILE_288063,서울특별시 동대문구 신이문로27-5,,서울특별시 동대문구 이문2동,,02-2171-6503,yeyak.seoul.go.kr/web/main.do,37.6033142,127.0651101,2022-08-24
"동대문구 이문2동 주민센터 지하 다목적실",이문2동주민센터,다목적실,토+일+공휴일,14:00,18:00,00:00,00:00,Y,2,15000,1,7500,50,80,탁자+의자,인터넷+전화+방문,https://yeyak.seoul.go.kr/web/common/file/FileDown.do?file_id=SVC_IMG_FILE_281392,서울특별시 동대문구 신이문로27-5,,서울특별시 동대문구 이문2동,,02-2171-6503,yeyak.seoul.go.kr/web/main.do,37.6033142,127.0651101,2022-08-24
"동대문구 홍릉문화복지센터 지하 생활체육실",홍릉문화복지센터,다목적실,토+일+공휴일,13:00,20:00,00:00,00:00,Y,2,20000,1,10000,30,120,의자+음향시설,인터넷+전화+방문,https://yeyak.seoul.go.kr/web/common/file/FileDown.do?file_id=SVC_IMG_FILE_281353,서울특별시 동대문구 홍릉로 81,,서울특별시 동대문구 청량리동,,02-2171-6363,yeyak.seoul.go.kr/web/main.do,37.58751632,127.0427076,2022-08-24
"답십리2동 청소년독서실 지층 다목적실",답십리청소년독서실,다목적실,토+일+공휴일,09:00,18:00,00:00,00:00,Y,2,20000,1,10000,50,148,의자+음향시설+빔프로젝트,인터넷+전화+방문,https://yeyak.seoul.go.kr/web/common/file/FileDown.do?file_id=SVC_IMG_FILE_281754,서울특별시 동대문구 답십리로 56길 15,,서울특별시 동대문구 답십리2동,,02-2171-6243,yeyak.seoul.go.kr/web/main.do,37.5720484,127.0594684,2022-08-24
"용두청소년독서실 다목적실",용두청소년독서실,다목적실,월,09:00,22:00,10:00,18:00,Y,1,20000,1,10000,50,84,탁자+의자,인터넷+전화+방문,https://yeyak.seoul.go.kr/web/common/file/FileDown.do?file_id=SVC_IMG_FILE_283278,서울특별시 동대문구 한빛로 62,,서울특별시 동대문구청 노인청소년과,,02-922-1951,yeyak.seoul.go.kr/web/main.do,37.57860562,127.0296482,2022-08-24
"동대문구민회관 1층 (대강당)",구민회관,강당,연중무휴,08:00,23:00,08:00,23:00,Y,3,110000,1,35000,548,778,의자+음향시설+빔프로젝트,전화+방문,https://yeyak.seoul.go.kr/web/common/file/FileDown.do?file_id=SVC_IMG_FILE_286544,서울특별시 동대문구 장한로 18길 82-9,,동대문구민회관 공공사업팀,,02-2247-9662,yeyak.seoul.go.kr/web/main.do,37.567342,127.0734324,2022-08-24
"동대문구 구민체육센터 대체육관",구민체육센터,기타,월+화+수+목+금,00:00,00:00,09:00,18:00,Y,2,100000,1,30000,200,767,농구장+배드민턴,전화+방문,https://yeyak.seoul.go.kr/web/common/file/FileDown.do?file_id=SVC_IMG_FILE_279574,서울특별시 동대문구 장안벚꽃로 67,,동대문구 구민체육센터 구민체육센터팀,,02-2247-9772,yeyak.seoul.go.kr/web/main.do,37.5665087,127.0734602,2022-08-24
"동대문구 체육관 대체육관",동대문구체육관,기타,월+화+수+목+금,00:00,00:00,07:00,21:00,Y,3,,1,200000,1500,1795,생활체육공간,전화+방문,https://yeyak.seoul.go.kr/web/common/file/FileDown.do?file_id=SVC_IMG_FILE_279574,서울특별시 동대문구 답십리로 210-3,,동대문구 구민체육센터 체육관 체육관팀,,02-2247-9611,yeyak.seoul.go.kr/web/main.do,37.5722856,127.0639667,2022-08-24
"동대문구 정보화도서관 (세미나실)",정보화도서관,강당,월,09:00,22:00,09:00,21:00,Y,3,30000,3,30000,20,59,탁자+의자+빔프로젝트,전화+방문,https://yeyak.seoul.go.kr/web/common/file/FileDown.do?file_id=SVC_IMG_FILE_279568,서울특별시 동대문구 회기로 10길 60,,동대문구 정보화도서관 도서관운영팀,,02-961-2061,yeyak.seoul.go.kr/web/main.do,37.5899245,127.0472693,2022-08-24
"동대문구 정보화도서관 (사랑방)",정보화도서관,기타,월,09:00,22:00,09:00,21:00,Y,3,30000,3,30000,20,44,탁자+의자+빔프로젝트,전화+방문,https://yeyak.seoul.go.kr/web/common/file/FileDown.do?file_id=SVC_IMG_FILE_283284,서울특별시 동대문구 회기로 10길 60,,동대문구 정보화도서관 도서관운영팀,,02-961-2061,yeyak.seoul.go.kr/web/main.do,37.5899245,127.0472693,2022-08-24
"동대문구 구립 동대문장애인종합복지관(다목적강당)",구립 동대문장애인종합복지관,강당,공휴일,09:00,19:00,09:00,18:00,Y,3,200000,1,30000,150,279,음향 및 냉난방 포함,전화+방문,https://yeyak.seoul.go.kr/web/common/file/FileDown.do?file_id=SVC_IMG_FILE_285112,서울특별시 동대문구 청계천로 521,,동대문장애인종합복지관 운영지원팀,,070-4522-4711,yeyak.seoul.go.kr/web/main.do,37.57181454,127.0340455,2022-08-24
"동대문구 구립 동대문장애인종합복지관(프로그램실)",구립 동대문장애인종합복지관,기타,공휴일,09:00,19:00,09:00,18:00,Y,3,100000,1,30000,30,65,음향 및 냉난방 포함,전화+방문,https://yeyak.seoul.go.kr/web/common/file/FileDown.do?file_id=SVC_IMG_FILE_284730,서울특별시 동대문구 청계천로 521,,동대문장애인종합복지관 운영지원팀,,070-4522-4711,yeyak.seoul.go.kr/web/main.do,37.57181454,127.0340455,2022-08-24
"배봉꿈마루 청소년독서실(지하 강의실)",배봉꿈마루 청소년독서실,강의실,월,10:00,22:00,10:00,22:00,N,0,0,0,0,20,60,,,https://yeyak.seoul.go.kr/web/common/file/FileDown.do?file_id=SVC_IMG_FILE_286432,서울특별시 동대문구 전농로16길 3,,배봉꿈마루 청소년독서실,,,yeyak.seoul.go.kr/web/main.do,37.57845475,127.0575686,2022-08-24
"배봉꿈마루 청소년독서실(지하 세미나실)",배봉꿈마루 청소년독서실,기타,월,10:00,21:00,10:00,22:00,N,0,0,0,0,10,30,,,https://yeyak.seoul.go.kr/web/common/file/FileDown.do?file_id=SVC_IMG_FILE_281399,서울특별시 동대문구 전농로16길 3,,배봉꿈마루 청소년독서실,,,yeyak.seoul.go.kr/web/main.do,37.57845475,127.0575686,2022-08-24
"배봉꿈마루 청소년독서실(북까페)",배봉꿈마루 청소년독서실,기타,월,11:00,22:00,11:00,23:00,N,0,0,0,0,10,30,,,https://yeyak.seoul.go.kr/web/common/file/FileDown.do?file_id=SVC_IMG_FILE_278167,서울특별시 동대문구 전농로16길 3,,배봉꿈마루 청소년독서실,,,yeyak.seoul.go.kr/web/main.do,37.57845475,127.0575686,2022-08-24
"서울한방진흥센터(3층 다목적강당)",서울한방진흥센터,강당,월,09:00,18:00,09:00,18:00,Y,2,30000,1,15000,56,131,강연대+수강용테이블+빔프로젝트,,https://yeyak.seoul.go.kr/web/common/file/FileDown.do?file_id=SVC_IMG_FILE_282409,서울특별시 동대문구 약령중앙로 26,,서울특별시 동대문구청 경제진흥과,,02-969-9241,yeyak.seoul.go.kr/web/main.do,37.58060041,127.0375866,2022-08-24
"마을활력소 회기한지붕 누리방",마을활력소 회기한지붕,기타,토+일+공휴일,11:00,17:00,00:00,00:00,Y,2,10000,1,5000,,8,,,https://yeyak.seoul.go.kr/web/common/file/FileDown.do?file_id=SVC_IMG_FILE_279221,서울특별시 동대문구 회기로18길 3,,마을활력소 회기한지붕,,02-2135-8151,yeyak.seoul.go.kr/web/main.do,37.5912058,127.0521176,2022-08-24
"마을활력소 회기한지붕 사랑방",마을활력소 회기한지붕,기타,토+일+공휴일,11:00,17:00,00:00,00:00,Y,2,20000,1,10000,,15.3,,,https://yeyak.seoul.go.kr/web/common/file/FileDown.do?file_id=SVC_IMG_FILE_288030,서울특별시 동대문구 회기로18길 3,,마을활력소 회기한지붕,,02-2135-8151,yeyak.seoul.go.kr/web/main.do,37.5912058,127.0521176,2022-08-24
"마을활력소 회기한지붕 책다방",마을활력소 회기한지붕,기타,토+일+공휴일,11:00,17:00,00:00,00:00,Y,2,30000,1,15000,,25.3,,,https://yeyak.seoul.go.kr/web/common/file/FileDown.do?file_id=SVC_IMG_FILE_284185,서울특별시 동대문구 회기로18길 3,,마을활력소 회기한지붕,,02-2135-8151,yeyak.seoul.go.kr/web/main.do,37.5912058,127.0521176,2022-08-24
"마을활력소 휘경아뜰리에 강당",마을활력소 휘경아뜰리에,기타,토+일+공휴일,09:00,18:00,00:00,00:00,Y,2,30000,1,15000,,52.9,,,,서울특별시 동대문구 망우로 지하55,,마을활력소 휘경아뜰리에,,02-3394-5070,yeyak.seoul.go.kr/web/main.do,37.58933321,127.0594746,2022-08-24
"마을활력소 휘경아뜰리에 카페",마을활력소 휘경아뜰리에,기타,토+일+공휴일,09:00,18:00,00:00,00:00,Y,2,20000,1,10000,,33,의자,,,서울특별시 동대문구 망우로 지하55,,마을활력소 휘경아뜰리에,,02-3394-5070,yeyak.seoul.go.kr/web/main.do,37.58933321,127.0594746,2022-08-24
